0.00000000e+000	0.00000000e+000	
3.89717271e-004	1.12197483e+000	
7.79434542e-004	1.13934982e+000	
1.16915181e-003	1.15684521e+000	
1.55886908e-003	1.17445563e+000	
1.94858635e-003	1.19217599e+000	
2.33830363e-003	1.21000146e+000	
2.72802090e-003	1.22792745e+000	
3.11773817e-003	1.24594963e+000	
3.50745544e-003	1.26406388e+000	
3.89717271e-003	1.28226630e+000	
4.28688998e-003	1.30055320e+000	
4.67660725e-003	1.31892105e+000	
5.06632452e-003	1.33736651e+000	
5.45604179e-003	1.35588644e+000	
5.84575906e-003	1.37447780e+000	
6.23547634e-003	1.39313775e+000	
6.62519361e-003	1.41186356e+000	
7.01491088e-003	1.43065265e+000	
7.40462815e-003	1.44950255e+000	
7.79434542e-003	1.46841093e+000	
8.18406269e-003	1.48737556e+000	
8.57377996e-003	1.50639430e+000	
8.96349723e-003	1.52546514e+000	
9.35321450e-003	1.54458615e+000	
9.74293177e-003	1.56375548e+000	
1.01326490e-002	1.58297138e+000	
1.05223663e-002	1.60223218e+000	
1.09120836e-002	1.62153627e+000	
1.13018009e-002	1.64088213e+000	
1.16915181e-002	1.66026830e+000	
1.20812354e-002	1.67969338e+000	
1.24709527e-002	1.69915603e+000	
1.28606699e-002	1.71865498e+000	
1.32503872e-002	1.73818902e+000	
1.36401045e-002	1.75775696e+000	
1.40298218e-002	1.75849797e+000	
1.44195390e-002	1.75785385e+000	
1.48092563e-002	1.75726943e+000	
1.51989736e-002	1.75674478e+000	
1.55886908e-002	1.75627994e+000	
1.59784081e-002	1.75587497e+000	
1.63681254e-002	1.75552991e+000	
1.67578427e-002	1.75524245e+000	
1.71475599e-002	1.75500398e+000	
1.75372772e-002	1.75482606e+000	
1.79269945e-002	1.75470870e+000	
1.83167117e-002	1.75465191e+000	
1.87064290e-002	1.75465571e+000	
1.90961463e-002	1.75472009e+000	
1.94858635e-002	1.75484504e+000	
1.98755808e-002	1.75503056e+000	
2.02652981e-002	1.75527662e+000	
2.06550154e-002	1.75558319e+000	
2.10447326e-002	1.75595025e+000	
2.14344499e-002	1.75637776e+000	
2.18241672e-002	1.75686568e+000	
2.22138844e-002	1.75741394e+000	
2.26036017e-002	1.75802250e+000	
2.29933190e-002	1.75869130e+000	
2.33830363e-002	1.75942026e+000	
2.37727535e-002	1.76020931e+000	
2.41624708e-002	1.76105838e+000	
2.45521881e-002	1.76227330e+000	
2.49419053e-002	1.76587056e+000	
2.53316226e-002	1.76962908e+000	
2.57213399e-002	1.77354784e+000	
2.61110572e-002	1.77762577e+000	
2.65007744e-002	1.78186177e+000	
2.68904917e-002	1.78625474e+000	
2.72802090e-002	1.79080351e+000	
2.76699262e-002	1.79550689e+000	
2.80596435e-002	1.80036369e+000	
2.84493608e-002	1.80537264e+000	
2.88390781e-002	1.80898639e+000	
2.92287953e-002	1.81124067e+000	
2.96185126e-002	1.81366514e+000	
3.00082299e-002	1.81625913e+000	
3.03979471e-002	1.81902190e+000	
3.07876644e-002	1.82195269e+000	
3.11773817e-002	1.82505069e+000	
3.15670990e-002	1.82831504e+000	
3.19568162e-002	1.83068294e+000	
3.23465335e-002	1.83288113e+000	
3.27362508e-002	1.83508165e+000	
3.31259680e-002	1.83728450e+000	
3.35156853e-002	1.83948840e+000	
3.39054026e-002	1.84169231e+000	
3.42951198e-002	1.84389861e+000	
3.46848371e-002	1.84610730e+000	
3.50745544e-002	1.84831837e+000	
3.54642717e-002	1.85053181e+000	
3.58539889e-002	1.85274761e+000	
3.62437062e-002	1.85496577e+000	
3.66334235e-002	1.85718626e+000	
3.70231407e-002	1.85940910e+000	
3.74128580e-002	1.86163426e+000	
3.78025753e-002	1.86386173e+000	
3.81922926e-002	1.86609152e+000	
3.85820098e-002	1.86832361e+000	
3.89717271e-002	1.87055800e+000	
3.93614444e-002	1.87279467e+000	
3.97511616e-002	1.87503362e+000	
4.01408789e-002	1.87727484e+000	
4.05305962e-002	1.87951832e+000	
4.09203135e-002	1.88176405e+000	
4.13100307e-002	1.88671957e+000	
4.16997480e-002	1.89768031e+000	
4.20894653e-002	1.90868082e+000	
4.24791825e-002	1.91972044e+000	
4.28688998e-002	1.93079848e+000	
4.32586171e-002	1.94191428e+000	
4.36483344e-002	1.95306722e+000	
4.40380516e-002	1.96425664e+000	
4.44277689e-002	1.97548194e+000	
4.48174862e-002	1.98674250e+000	
4.52072034e-002	1.99803773e+000	
4.55969207e-002	2.00936704e+000	
4.59866380e-002	2.01398847e+000	
4.63763552e-002	2.01757268e+000	
4.67660725e-002	2.02120235e+000	
4.71557898e-002	2.02487724e+000	
4.75455071e-002	2.02859709e+000	
4.79352243e-002	2.03236166e+000	
4.83249416e-002	2.03617071e+000	
4.87146589e-002	2.04002398e+000	
4.91043761e-002	2.04392123e+000	
4.94940934e-002	2.04786220e+000	
4.98838107e-002	2.05184664e+000	
5.02735280e-002	2.05586210e+000	
5.06632452e-002	2.05990930e+000	
5.10529625e-002	2.06399949e+000	
5.14426798e-002	2.06813242e+000	
5.18323970e-002	2.07230783e+000	
5.22221143e-002	2.07652546e+000	
5.26118316e-002	2.08078505e+000	
5.30015489e-002	2.08508636e+000	
5.33912661e-002	2.08942911e+000	
5.37809834e-002	2.09381306e+000	
5.41707007e-002	2.09823795e+000	
5.45604179e-002	2.10270351e+000	
5.49501352e-002	2.10720949e+000	
5.53398525e-002	2.11175562e+000	
5.57295698e-002	2.11634166e+000	
5.61192870e-002	2.12304865e+000	
5.65090043e-002	2.12996362e+000	
5.68987216e-002	2.13692169e+000	
5.72884388e-002	2.14376896e+000	
5.76781561e-002	2.14877547e+000	
5.80678734e-002	2.15380184e+000	
5.84575906e-002	2.15884795e+000	
5.88473079e-002	2.16391365e+000	
5.92370252e-002	2.16899881e+000	
5.96267425e-002	2.17410328e+000	
6.00164597e-002	2.17922694e+000	
6.04061770e-002	2.18436965e+000	
6.07958943e-002	2.18953127e+000	
6.11856115e-002	2.19471168e+000	
6.15753288e-002	2.19991073e+000	
6.19650461e-002	2.20512829e+000	
6.23547634e-002	2.21036425e+000	
6.27444806e-002	2.21561845e+000	
6.31341979e-002	2.22089079e+000	
6.35239152e-002	2.22618112e+000	
6.39136324e-002	2.23148931e+000	
6.43033497e-002	2.23681525e+000	
6.46930670e-002	2.24215881e+000	
6.50827843e-002	2.24751985e+000	
6.54725015e-002	2.25289826e+000	
6.58622188e-002	2.25829390e+000	
6.62519361e-002	2.26370667e+000	
6.66416533e-002	2.26913643e+000	
6.70313706e-002	2.27455870e+000	
6.74210879e-002	2.27998673e+000	
6.78108052e-002	2.28410985e+000	
6.82005224e-002	2.28456811e+000	
6.85902397e-002	2.28508467e+000	
6.89799570e-002	2.28565950e+000	
6.93696742e-002	2.28629256e+000	
6.97593915e-002	2.28698378e+000	
7.01491088e-002	2.28773313e+000	
7.05388260e-002	2.28854055e+000	
7.09285433e-002	2.28940596e+000	
7.13182606e-002	2.29032932e+000	
7.17079779e-002	2.29131054e+000	
7.20976951e-002	2.29234955e+000	
7.24874124e-002	2.29344628e+000	
7.28771297e-002	2.29460063e+000	
7.32668469e-002	2.29581254e+000	
7.36565642e-002	2.29708189e+000	
7.40462815e-002	2.29899347e+000	
7.44359988e-002	2.30293175e+000	
7.48257160e-002	2.30691712e+000	
7.52154333e-002	2.31094933e+000	
7.56051506e-002	2.31502813e+000	
7.59948678e-002	2.31915329e+000	
7.63845851e-002	2.32332454e+000	
7.67743024e-002	2.32754165e+000	
7.71640197e-002	2.33147742e+000	
7.75537369e-002	2.33520213e+000	
7.79434542e-002	2.33895275e+000	
7.83331715e-002	2.34272914e+000	
7.87228887e-002	2.34653119e+000	
7.91126060e-002	2.35035876e+000	
7.95023233e-002	2.35421173e+000	
7.98920406e-002	2.35808998e+000	
8.02817578e-002	2.36199338e+000	
8.06714751e-002	2.36592181e+000	
8.10611924e-002	2.36987514e+000	
8.14509096e-002	2.37385325e+000	
8.18406269e-002	2.37785602e+000	
8.22303442e-002	2.38188331e+000	
8.26200615e-002	2.38593502e+000	
8.30097787e-002	2.39001100e+000	
8.33994960e-002	2.39411115e+000	
8.37892133e-002	2.39819656e+000	
8.41789305e-002	2.40229951e+000	
8.45686478e-002	2.40642627e+000	
8.49583651e-002	2.41057673e+000	
8.53480823e-002	2.41475075e+000	
8.57377996e-002	2.41894823e+000	
8.61275169e-002	2.42316904e+000	
8.65172342e-002	2.42373081e+000	
8.69069514e-002	2.42409245e+000	
8.72966687e-002	2.42449174e+000	
8.76863860e-002	2.42492867e+000	
8.80761032e-002	2.42540323e+000	
8.84658205e-002	2.42591537e+000	
8.88555378e-002	2.42646509e+000	
8.92452551e-002	2.42705236e+000	
8.96349723e-002	2.42767715e+000	
9.00246896e-002	2.42833943e+000	
9.04144069e-002	2.42903916e+000	
9.08041241e-002	2.42977633e+000	
9.11938414e-002	2.43055089e+000	
9.15835587e-002	2.43158994e+000	
9.19732760e-002	2.43307148e+000	
9.23629932e-002	2.43462035e+000	
9.27527105e-002	2.43623641e+000	
9.31424278e-002	2.43791953e+000	
9.35321450e-002	2.43966958e+000	
9.39218623e-002	2.44148640e+000	
9.43115796e-002	2.44336985e+000	
9.47012969e-002	2.44531978e+000	
9.50910141e-002	2.44733603e+000	
9.54807314e-002	2.44941843e+000	
9.58704487e-002	2.45156682e+000	
9.62601659e-002	2.45378101e+000	
9.66498832e-002	2.45606084e+000	
9.70396005e-002	2.45840612e+000	
9.74293177e-002	2.45992741e+000	
9.78190350e-002	2.45904951e+000	
9.82087523e-002	2.45822295e+000	
9.85984696e-002	2.45744779e+000	
9.89881868e-002	2.45672408e+000	
9.93779041e-002	2.45605185e+000	
9.97676214e-002	2.45543116e+000	
1.00157339e-001	2.45486052e+000	
1.00547056e-001	2.45428929e+000	
1.00936773e-001	2.45376968e+000	
1.01326490e-001	2.45330172e+000	
1.01716208e-001	2.45288545e+000	
1.02105925e-001	2.45252088e+000	
1.02495642e-001	2.45220805e+000	
1.02885360e-001	2.45194697e+000	
1.03275077e-001	2.45173766e+000	
1.03664794e-001	2.45158013e+000	
1.04054511e-001	2.45147439e+000	
1.04444229e-001	2.45142045e+000	
1.04833946e-001	2.45141831e+000	
1.05223663e-001	2.45146798e+000	
1.05613380e-001	2.45036991e+000	
1.06003098e-001	2.44772570e+000	
1.06392815e-001	2.44514496e+000	
1.06782532e-001	2.44262788e+000	
1.07172250e-001	2.44017467e+000	
1.07561967e-001	2.43778552e+000	
1.07951684e-001	2.43546062e+000	
1.08341401e-001	2.43359719e+000	
1.08731119e-001	2.43180521e+000	
1.09120836e-001	2.43004670e+000	
1.09510553e-001	2.42832172e+000	
1.09900270e-001	2.42663034e+000	
1.10289988e-001	2.42497264e+000	
1.10679705e-001	2.42334869e+000	
1.11069422e-001	2.42175855e+000	
1.11459140e-001	2.42020229e+000	
1.11848857e-001	2.41867997e+000	
1.12238574e-001	2.41719166e+000	
1.12628291e-001	2.41573742e+000	
1.13018009e-001	2.41431732e+000	
1.13407726e-001	2.41293141e+000	
1.13797443e-001	2.41157975e+000	
1.14187160e-001	2.41026240e+000	
1.14576878e-001	2.40897942e+000	
1.14966595e-001	2.40773086e+000	
1.15356312e-001	2.40651678e+000	
1.15746029e-001	2.40533722e+000	
1.16135747e-001	2.40419224e+000	
1.16525464e-001	2.40216791e+000	
1.16915181e-001	2.39844672e+000	
1.17304899e-001	2.39472689e+000	
1.17694616e-001	2.39104505e+000	
1.18084333e-001	2.38740137e+000	
1.18474050e-001	2.38379602e+000	
1.18863768e-001	2.38022918e+000	
1.19253485e-001	2.37670102e+000	
1.19643202e-001	2.37321172e+000	
1.20032919e-001	2.36976144e+000	
1.20422637e-001	2.36635036e+000	
1.20812354e-001	2.36297865e+000	
1.21202071e-001	2.35964647e+000	
1.21591789e-001	2.35635399e+000	
1.21981506e-001	2.35310139e+000	
1.22371223e-001	2.34988882e+000	
1.22760940e-001	2.34603792e+000	
1.23150658e-001	2.34074983e+000	
1.23540375e-001	2.33551809e+000	
1.23930092e-001	2.33051622e+000	
1.24319809e-001	2.32616037e+000	
1.24709527e-001	2.32182492e+000	
1.25099244e-001	2.31750999e+000	
1.25488961e-001	2.31321569e+000	
1.25878679e-001	2.30991818e+000	
1.26268396e-001	2.30714316e+000	
1.26658113e-001	2.30439025e+000	
1.27047830e-001	2.30165955e+000	
1.27437548e-001	2.29895112e+000	
1.27827265e-001	2.29626505e+000	
1.28216982e-001	2.29360142e+000	
1.28606699e-001	2.29096030e+000	
1.28996417e-001	2.28834177e+000	
1.29386134e-001	2.28574592e+000	
1.29775851e-001	2.28317281e+000	
1.30165569e-001	2.28062252e+000	
1.30555286e-001	2.27809514e+000	
1.30945003e-001	2.27559074e+000	
1.31334720e-001	2.27310938e+000	
1.31724438e-001	2.27065116e+000	
1.32114155e-001	2.26821614e+000	
1.32503872e-001	2.26580440e+000	
1.32893589e-001	2.26341602e+000	
1.33283307e-001	2.26105106e+000	
1.33673024e-001	2.25870025e+000	
1.34062741e-001	2.25635704e+000	
1.34452458e-001	2.25403738e+000	
1.34842176e-001	2.25172563e+000	
1.35231893e-001	2.24874369e+000	
1.35621610e-001	2.24577698e+000	
1.36011328e-001	2.24282557e+000	
1.36401045e-001	2.23988951e+000	
1.36790762e-001	2.23696888e+000	
1.37180479e-001	2.23406373e+000	
1.37570197e-001	2.23117412e+000	
1.37959914e-001	2.22830011e+000	
1.38349631e-001	2.22544176e+000	
1.38739348e-001	2.22259913e+000	
1.39129066e-001	2.21977229e+000	
1.39518783e-001	2.21696129e+000	
1.39908500e-001	2.21416619e+000	
1.40298218e-001	2.21098844e+000	
1.40687935e-001	2.20734892e+000	
1.41077652e-001	2.20372324e+000	
1.41467369e-001	2.20011144e+000	
1.41857087e-001	2.19651361e+000	
1.42246804e-001	2.19292982e+000	
1.42636521e-001	2.18936012e+000	
1.43026238e-001	2.18580459e+000	
1.43415956e-001	2.18226330e+000	
1.43805673e-001	2.17873632e+000	
1.44195390e-001	2.17522371e+000	
1.44585108e-001	2.17172556e+000	
1.44974825e-001	2.16824192e+000	
1.45364542e-001	2.16477287e+000	
1.45754259e-001	2.16131848e+000	
1.46143977e-001	2.15685632e+000	
1.46533694e-001	2.15228835e+000	
1.46923411e-001	2.14772757e+000	
1.47313128e-001	2.14317401e+000	
1.47702846e-001	2.13862773e+000	
1.48092563e-001	2.13408878e+000	
1.48482280e-001	2.12955719e+000	
1.48871998e-001	2.12503301e+000	
1.49261715e-001	2.12051631e+000	
1.49651432e-001	2.11600711e+000	
1.50041149e-001	2.11150547e+000	
1.50430867e-001	2.10699832e+000	
1.50820584e-001	2.10248765e+000	
1.51210301e-001	2.09821644e+000	
1.51600018e-001	2.09532079e+000	
1.51989736e-001	2.09243451e+000	
1.52379453e-001	2.08955765e+000	
1.52769170e-001	2.08669024e+000	
1.53158888e-001	2.08383233e+000	
1.53548605e-001	2.08098394e+000	
1.53938322e-001	2.07814512e+000	
1.54328039e-001	2.07531592e+000	
1.54717757e-001	2.07249636e+000	
1.55107474e-001	2.06968649e+000	
1.55497191e-001	2.06688635e+000	
1.55886908e-001	2.06409597e+000	
1.56276626e-001	2.06131540e+000	
1.56666343e-001	2.05854468e+000	
1.57056060e-001	2.05578385e+000	
1.57445777e-001	2.05303294e+000	
1.57835495e-001	2.05029200e+000	
1.58225212e-001	2.04756106e+000	
1.58614929e-001	2.04484017e+000	
1.59004647e-001	2.04212937e+000	
1.59394364e-001	2.03942869e+000	
1.59784081e-001	2.03673818e+000	
1.60173798e-001	2.03405788e+000	
1.60563516e-001	2.03138782e+000	
1.60953233e-001	2.02872806e+000	
1.61342950e-001	2.02607862e+000	
1.61732667e-001	2.02385151e+000	
1.62122385e-001	2.02197144e+000	
1.62512102e-001	2.02009575e+000	
1.62901819e-001	2.01822448e+000	
1.63291537e-001	2.01635763e+000	
1.63681254e-001	2.01449520e+000	
1.64070971e-001	2.01263723e+000	
1.64460688e-001	2.01078371e+000	
1.64850406e-001	2.00893466e+000	
1.65240123e-001	2.00709009e+000	
1.65629840e-001	2.00525002e+000	
1.66019557e-001	2.00341445e+000	
1.66409275e-001	2.00158340e+000	
1.66798992e-001	1.99963236e+000	
1.67188709e-001	1.99698554e+000	
1.67578427e-001	1.99433877e+000	
1.67968144e-001	1.99169562e+000	
1.68357861e-001	1.98905610e+000	
1.68747578e-001	1.98642022e+000	
1.69137296e-001	1.98378799e+000	
1.69527013e-001	1.98115944e+000	
1.69916730e-001	1.97853458e+000	
1.70306447e-001	1.97591342e+000	
1.70696165e-001	1.97329598e+000	
1.71085882e-001	1.97068226e+000	
1.71475599e-001	1.96807229e+000	
1.71865317e-001	1.96546609e+000	
1.72255034e-001	1.96286366e+000	
1.72644751e-001	1.96026502e+000	
1.73034468e-001	1.95767018e+000	
1.73424186e-001	1.95507917e+000	
1.73813903e-001	1.95249200e+000	
1.74203620e-001	1.94990867e+000	
1.74593337e-001	1.94732921e+000	
1.74983055e-001	1.94475364e+000	
1.75372772e-001	1.94218196e+000	
1.75762489e-001	1.93961420e+000	
1.76152206e-001	1.93705036e+000	
1.76541924e-001	1.93449047e+000	
1.76931641e-001	1.93193454e+000	
1.77321358e-001	1.92938259e+000	
1.77711076e-001	1.92683463e+000	
1.78100793e-001	1.92429067e+000	
1.78490510e-001	1.92175074e+000	
1.78880227e-001	1.91976331e+000	
1.79269945e-001	1.91798377e+000	
1.79659662e-001	1.91620914e+000	
1.80049379e-001	1.91443943e+000	
1.80439096e-001	1.91267465e+000	
1.80828814e-001	1.91091481e+000	
1.81218531e-001	1.90915994e+000	
1.81608248e-001	1.90741005e+000	
1.81997966e-001	1.90566514e+000	
1.82387683e-001	1.90392523e+000	
1.82777400e-001	1.90221956e+000	
1.83167117e-001	1.90051886e+000	
1.83556835e-001	1.89882025e+000	
1.83946552e-001	1.89711404e+000	
1.84336269e-001	1.89540865e+000	
1.84725986e-001	1.89370535e+000	
1.85115704e-001	1.89200415e+000	
1.85505421e-001	1.89030506e+000	
1.85895138e-001	1.88860808e+000	
1.86284856e-001	1.88691321e+000	
1.86674573e-001	1.88522047e+000	
1.87064290e-001	1.88352985e+000	
1.87454007e-001	1.88184137e+000	
1.87843725e-001	1.88015503e+000	
1.88233442e-001	1.87847083e+000	
1.88623159e-001	1.87678879e+000	
1.89012876e-001	1.87510890e+000	
1.89402594e-001	1.87343117e+000	
1.89792311e-001	1.87175562e+000	
1.90182028e-001	1.87008224e+000	
1.90571746e-001	1.86841103e+000	
1.90961463e-001	1.86674202e+000	
1.91351180e-001	1.86507519e+000	
1.91740897e-001	1.86341057e+000	
1.92130615e-001	1.86174814e+000	
1.92520332e-001	1.86008793e+000	
1.92910049e-001	1.85842993e+000	
1.93299766e-001	1.85677416e+000	
1.93689484e-001	1.85512061e+000	
1.94079201e-001	1.85346929e+000	
1.94468918e-001	1.85182022e+000	
1.94858635e-001	1.85017339e+000	
1.95248353e-001	1.84852881e+000	
1.95638070e-001	1.84688649e+000	
1.96027787e-001	1.84524643e+000	
1.96417505e-001	1.84360864e+000	
1.96807222e-001	1.84197313e+000	
1.97196939e-001	1.84033989e+000	
1.97586656e-001	1.83870895e+000	
1.97976374e-001	1.83708030e+000	
1.98366091e-001	1.83545395e+000	
1.98755808e-001	1.83382990e+000	
1.99145525e-001	1.83220817e+000	
1.99535243e-001	1.83058876e+000	
1.99924960e-001	1.82872960e+000	
2.00314677e-001	1.82681239e+000	
2.00704395e-001	1.82489108e+000	
2.01094112e-001	1.82297259e+000	
2.01483829e-001	1.82105693e+000	
2.01873546e-001	1.81914411e+000	
2.02263264e-001	1.81725123e+000	
2.02652981e-001	1.81536922e+000	
2.03042698e-001	1.81348834e+000	
2.03432415e-001	1.81173290e+000	
2.03822133e-001	1.81024877e+000	
2.04211850e-001	1.80876657e+000	
2.04601567e-001	1.80728630e+000	
2.04991285e-001	1.80580797e+000	
2.05381002e-001	1.80433157e+000	
2.05770719e-001	1.80285713e+000	
2.06160436e-001	1.80138463e+000	
2.06550154e-001	1.79991409e+000	
2.06939871e-001	1.79844551e+000	
2.07329588e-001	1.79697889e+000	
2.07719305e-001	1.79551425e+000	
2.08109023e-001	1.79405157e+000	
2.08498740e-001	1.79259088e+000	
2.08888457e-001	1.79113217e+000	
2.09278175e-001	1.78967545e+000	
2.09667892e-001	1.78822073e+000	
2.10057609e-001	1.78676800e+000	
2.10447326e-001	1.78531728e+000	
2.10837044e-001	1.78386856e+000	
2.11226761e-001	1.78242186e+000	
2.11616478e-001	1.78097717e+000	
2.12006195e-001	1.77953451e+000	
2.12395913e-001	1.77809388e+000	
2.12785630e-001	1.77665528e+000	
2.13175347e-001	1.77521872e+000	
2.13565065e-001	1.77378420e+000	
2.13954782e-001	1.77247575e+000	
2.14344499e-001	1.77128654e+000	
2.14734216e-001	1.77009792e+000	
2.15123934e-001	1.76890987e+000	
2.15513651e-001	1.76772240e+000	
2.15903368e-001	1.76653552e+000	
2.16293085e-001	1.76534922e+000	
2.16682803e-001	1.76416351e+000	
2.17072520e-001	1.76297708e+000	
2.17462237e-001	1.76178677e+000	
2.17851954e-001	1.76059704e+000	
2.18241672e-001	1.75940790e+000	
2.18631389e-001	1.75821934e+000	
2.19021106e-001	1.75703137e+000	
2.19410824e-001	1.75584398e+000	
2.19800541e-001	1.75465718e+000	
2.20190258e-001	1.75350092e+000	
2.20579975e-001	1.75237702e+000	
2.20969693e-001	1.75125389e+000	
2.21359410e-001	1.75013152e+000	
2.21749127e-001	1.74900992e+000	
2.22138844e-001	1.74788909e+000	
2.22528562e-001	1.74676903e+000	
2.22918279e-001	1.74564974e+000	
2.23307996e-001	1.74468441e+000	
2.23697714e-001	1.74375285e+000	
2.24087431e-001	1.74282236e+000	
2.24477148e-001	1.74189295e+000	
2.24866865e-001	1.74096461e+000	
2.25256583e-001	1.74003735e+000	
2.25646300e-001	1.73911117e+000	
2.26036017e-001	1.73818607e+000	
2.26425734e-001	1.73726205e+000	
2.26815452e-001	1.73633911e+000	
2.27205169e-001	1.73541727e+000	
2.27594886e-001	1.73449651e+000	
2.27984604e-001	1.73357683e+000	
2.28374321e-001	1.73265825e+000	
2.28764038e-001	1.73174077e+000	
2.29153755e-001	1.73082438e+000	
2.29543473e-001	1.72990908e+000	
2.29933190e-001	1.72899488e+000	
2.30322907e-001	1.72808178e+000	
2.30712624e-001	1.72716979e+000	
2.31102342e-001	1.72625889e+000	
2.31492059e-001	1.72534911e+000	
2.31881776e-001	1.72444042e+000	
2.32271494e-001	1.72351997e+000	
2.32661211e-001	1.72254522e+000	
2.33050928e-001	1.72157137e+000	
2.33440645e-001	1.72059841e+000	
2.33830363e-001	1.71962457e+000	
2.34220080e-001	1.71864892e+000	
2.34609797e-001	1.71767417e+000	
2.34999514e-001	1.71670032e+000	
2.35389232e-001	1.71572736e+000	
2.35778949e-001	1.71475530e+000	
2.36168666e-001	1.71378415e+000	
2.36558383e-001	1.71281390e+000	
2.36948101e-001	1.71184456e+000	
2.37337818e-001	1.71087612e+000	
2.37727535e-001	1.70988701e+000	
2.38117253e-001	1.70888579e+000	
2.38506970e-001	1.70788515e+000	
2.38896687e-001	1.70688509e+000	
2.39286404e-001	1.70588561e+000	
2.39676122e-001	1.70488672e+000	
2.40065839e-001	1.70388842e+000	
2.40455556e-001	1.70289070e+000	
2.40845273e-001	1.70189358e+000	
2.41234991e-001	1.70089704e+000	
2.41624708e-001	1.69990109e+000	
2.42014425e-001	1.69890573e+000	
2.42404143e-001	1.69791097e+000	
2.42793860e-001	1.69691679e+000	
2.43183577e-001	1.69592946e+000	
2.43573294e-001	1.69502811e+000	
2.43963012e-001	1.69412706e+000	
2.44352729e-001	1.69322630e+000	
2.44742446e-001	1.69232584e+000	
2.45132163e-001	1.69142567e+000	
2.45521881e-001	1.69052581e+000	
2.45911598e-001	1.68962624e+000	
2.46301315e-001	1.68872697e+000	
2.46691033e-001	1.68782800e+000	
2.47080750e-001	1.68692933e+000	
2.47470467e-001	1.68603096e+000	
2.47860184e-001	1.68513290e+000	
2.48249902e-001	1.68423513e+000	
2.48639619e-001	1.68339821e+000	
2.49029336e-001	1.68269163e+000	
2.49419053e-001	1.68198556e+000	
2.49808771e-001	1.68128000e+000	
2.50198488e-001	1.68057496e+000	
2.50588205e-001	1.67986867e+000	
2.50977923e-001	1.67916156e+000	
2.51367640e-001	1.67845496e+000	
2.51757357e-001	1.67774887e+000	
2.52147074e-001	1.67704330e+000	
2.52536792e-001	1.67633824e+000	
2.52926509e-001	1.67563370e+000	
2.53316226e-001	1.67492967e+000	
2.53705943e-001	1.67422615e+000	
2.54095661e-001	1.67352316e+000	
2.54485378e-001	1.67282068e+000	
2.54875095e-001	1.67211871e+000	
2.55264813e-001	1.67141727e+000	
2.55654530e-001	1.67071634e+000	
2.56044247e-001	1.67001593e+000	
2.56433964e-001	1.66931605e+000	
2.56823682e-001	1.66861668e+000	
2.57213399e-001	1.66791783e+000	
2.57603116e-001	1.66721951e+000	
2.57992833e-001	1.66652171e+000	
2.58382551e-001	1.66582443e+000	
2.58772268e-001	1.66512768e+000	
2.59161985e-001	1.66474322e+000	
2.59551702e-001	1.66448448e+000	
2.59941420e-001	1.66422619e+000	
2.60331137e-001	1.66396836e+000	
2.60720854e-001	1.66371098e+000	
2.61110572e-001	1.66345405e+000	
2.61500289e-001	1.66319759e+000	
2.61890006e-001	1.66294157e+000	
2.62279723e-001	1.66268602e+000	
2.62669441e-001	1.66243092e+000	
2.63059158e-001	1.66217627e+000	
2.63448875e-001	1.66192209e+000	
2.63838592e-001	1.66166836e+000	
2.64228310e-001	1.66143087e+000	
2.64618027e-001	1.66122900e+000	
2.65007744e-001	1.66102739e+000	
2.65397462e-001	1.66082603e+000	
2.65787179e-001	1.66062492e+000	
2.66176896e-001	1.66042406e+000	
2.66566613e-001	1.66022345e+000	
2.66956331e-001	1.66002310e+000	
2.67346048e-001	1.65982046e+000	
2.67735765e-001	1.65961719e+000	
2.68125482e-001	1.65941417e+000	
2.68515200e-001	1.65921140e+000	
2.68904917e-001	1.65900888e+000	
2.69294634e-001	1.65880662e+000	
2.69684352e-001	1.65860460e+000	
2.70074069e-001	1.65840284e+000	
2.70463786e-001	1.65820132e+000	
2.70853503e-001	1.65800006e+000	
2.71243221e-001	1.65779905e+000	
2.71632938e-001	1.65759830e+000	
2.72022655e-001	1.65739779e+000	
2.72412372e-001	1.65719753e+000	
2.72802090e-001	1.65699753e+000	
2.73191807e-001	1.65679778e+000	
2.73581524e-001	1.65659828e+000	
2.73971242e-001	1.65639904e+000	
2.74360959e-001	1.65620004e+000	
2.74750676e-001	1.65600130e+000	
2.75140393e-001	1.65580281e+000	
2.75530111e-001	1.65560457e+000	
2.75919828e-001	1.65540659e+000	
2.76309545e-001	1.65526425e+000	
2.76699262e-001	1.65512868e+000	
2.77088980e-001	1.65499361e+000	
2.77478697e-001	1.65485905e+000	
2.77868414e-001	1.65472501e+000	
2.78258131e-001	1.65459147e+000	
2.78647849e-001	1.65445845e+000	
2.79037566e-001	1.65432593e+000	
2.79427283e-001	1.65419392e+000	
2.79817001e-001	1.65406756e+000	
2.80206718e-001	1.65400103e+000	
2.80596435e-001	1.65393488e+000	
2.80986152e-001	1.65386909e+000	
2.81375870e-001	1.65380367e+000	
2.81765587e-001	1.65373863e+000	
2.82155304e-001	1.65367395e+000	
2.82545021e-001	1.65360965e+000	
2.82934739e-001	1.65354572e+000	
2.83324456e-001	1.65348216e+000	
2.83714173e-001	1.65341897e+000	
2.84103891e-001	1.65335313e+000	
2.84493608e-001	1.65328738e+000	
2.84883325e-001	1.65322200e+000	
2.85273042e-001	1.65315700e+000	
2.85662760e-001	1.65309236e+000	
2.86052477e-001	1.65302810e+000	
2.86442194e-001	1.65296421e+000	
2.86831911e-001	1.65290069e+000	
2.87221629e-001	1.65283754e+000	
2.87611346e-001	1.65277476e+000	
2.88001063e-001	1.65271235e+000	
2.88390781e-001	1.65265032e+000	
2.88780498e-001	1.65258865e+000	
2.89170215e-001	1.65252736e+000	
2.89559932e-001	1.65246644e+000	
2.89949650e-001	1.65240590e+000	
2.90339367e-001	1.65234572e+000	
2.90729084e-001	1.65228592e+000	
2.91118801e-001	1.65222648e+000	
2.91508519e-001	1.65216742e+000	
2.91898236e-001	1.65210873e+000	
2.92287953e-001	1.65205042e+000	
2.92677671e-001	1.65199247e+000	
2.93067388e-001	1.65193490e+000	
2.93457105e-001	1.65187770e+000	
2.93846822e-001	1.65182087e+000	
2.94236540e-001	1.65176442e+000	
2.94626257e-001	1.65170833e+000	
2.95015974e-001	1.65165262e+000	
2.95405691e-001	1.65159728e+000	
2.95795409e-001	1.65154232e+000	
2.96185126e-001	1.65148772e+000	
2.96574843e-001	1.65143350e+000	
2.96964560e-001	1.65137965e+000	
2.97354278e-001	1.65132617e+000	
2.97743995e-001	1.65127307e+000	
2.98133712e-001	1.65122034e+000	
2.98523430e-001	1.65116798e+000	
2.98913147e-001	1.65111424e+000	
2.99302864e-001	1.65105866e+000	
2.99692581e-001	1.65110983e+000	
3.00082299e-001	1.65130943e+000	
3.00472016e-001	1.65156419e+000	
3.00861733e-001	1.65177331e+000	
3.01251450e-001	1.65196876e+000	
3.01641168e-001	1.65216458e+000	
3.02030885e-001	1.65236078e+000	
3.02420602e-001	1.65255735e+000	
3.02810320e-001	1.65275429e+000	
3.03200037e-001	1.65295161e+000	
3.03589754e-001	1.65314929e+000	
3.03979471e-001	1.65334735e+000	
3.04369189e-001	1.65354579e+000	
3.04758906e-001	1.65374459e+000	
3.05148623e-001	1.65394376e+000	
3.05538340e-001	1.65414331e+000	
3.05928058e-001	1.65434323e+000	
3.06317775e-001	1.65454352e+000	
3.06707492e-001	1.65474418e+000	
3.07097210e-001	1.65494522e+000	
3.07486927e-001	1.65514662e+000	
3.07876644e-001	1.65534840e+000	
3.08266361e-001	1.65555054e+000	
3.08656079e-001	1.65575306e+000	
3.09045796e-001	1.65595594e+000	
3.09435513e-001	1.65615920e+000	
3.09825230e-001	1.65636283e+000	
3.10214948e-001	1.65656683e+000	
3.10604665e-001	1.65677120e+000	
3.10994382e-001	1.65697593e+000	
3.11384100e-001	1.65718104e+000	
3.11773817e-001	1.65738652e+000	
3.12163534e-001	1.65759236e+000	
3.12553251e-001	1.65779858e+000	
3.12942969e-001	1.65800516e+000	
3.13332686e-001	1.65821212e+000	
3.13722403e-001	1.65841944e+000	
3.14112120e-001	1.65862713e+000	
3.14501838e-001	1.65883519e+000	
3.14891555e-001	1.65904362e+000	
3.15281272e-001	1.65925242e+000	
3.15670990e-001	1.65946158e+000	
3.16060707e-001	1.65967111e+000	
3.16450424e-001	1.65987547e+000	
3.16840141e-001	1.66002006e+000	
3.17229859e-001	1.66016413e+000	
3.17619576e-001	1.66030613e+000	
3.18009293e-001	1.66044844e+000	
3.18399010e-001	1.66059104e+000	
3.18788728e-001	1.66073394e+000	
3.19178445e-001	1.66087713e+000	
3.19568162e-001	1.66102063e+000	
3.19957879e-001	1.66116442e+000	
3.20347597e-001	1.66130852e+000	
3.20737314e-001	1.66145291e+000	
3.21127031e-001	1.66159760e+000	
3.21516749e-001	1.66174258e+000	
3.21906466e-001	1.66226354e+000	
3.22296183e-001	1.66285287e+000	
3.22685900e-001	1.66344279e+000	
3.23075618e-001	1.66403330e+000	
3.23465335e-001	1.66462439e+000	
3.23855052e-001	1.66521607e+000	
3.24244769e-001	1.66580834e+000	
3.24634487e-001	1.66640118e+000	
3.25024204e-001	1.66699462e+000	
3.25413921e-001	1.66758863e+000	
3.25803639e-001	1.66818323e+000	
3.26193356e-001	1.66877840e+000	
3.26583073e-001	1.66937416e+000	
3.26972790e-001	1.66997050e+000	
3.27362508e-001	1.67056742e+000	
3.27752225e-001	1.67116492e+000	
3.28141942e-001	1.67176300e+000	
3.28531659e-001	1.67236166e+000	
3.28921377e-001	1.67296089e+000	
3.29311094e-001	1.67356070e+000	
3.29700811e-001	1.67422215e+000	
3.30090529e-001	1.67489541e+000	
3.30480246e-001	1.67556897e+000	
3.30869963e-001	1.67624282e+000	
3.31259680e-001	1.67691697e+000	
3.31649398e-001	1.67759141e+000	
3.32039115e-001	1.67826615e+000	
3.32428832e-001	1.67894118e+000	
3.32818549e-001	1.67961650e+000	
3.33208267e-001	1.68029212e+000	
3.33597984e-001	1.68096804e+000	
3.33987701e-001	1.68164262e+000	
3.34377419e-001	1.68231536e+000	
3.34767136e-001	1.68298838e+000	
3.35156853e-001	1.68366170e+000	
3.35546570e-001	1.68433532e+000	
3.35936288e-001	1.68500923e+000	
3.36326005e-001	1.68568343e+000	
3.36715722e-001	1.68635793e+000	
3.37105439e-001	1.68703271e+000	
3.37495157e-001	1.68770779e+000	
3.37884874e-001	1.68838316e+000	
3.38274591e-001	1.68905883e+000	
3.38664308e-001	1.68973478e+000	
3.39054026e-001	1.69041102e+000	
3.39443743e-001	1.69108756e+000	
3.39833460e-001	1.69168102e+000	
3.40223178e-001	1.69226591e+000	
3.40612895e-001	1.69285163e+000	
3.41002612e-001	1.69343820e+000	
3.41392329e-001	1.69402561e+000	
3.41782047e-001	1.69461386e+000	
3.42171764e-001	1.69520295e+000	
3.42561481e-001	1.69579287e+000	
3.42951198e-001	1.69638363e+000	
3.43340916e-001	1.69697523e+000	
3.43730633e-001	1.69756766e+000	
3.44120350e-001	1.69816092e+000	
3.44510068e-001	1.69875502e+000	
3.44899785e-001	1.69934994e+000	
3.45289502e-001	1.69994570e+000	
3.45679219e-001	1.70054229e+000	
3.46068937e-001	1.70113971e+000	
3.46458654e-001	1.70173796e+000	
3.46848371e-001	1.70233703e+000	
3.47238088e-001	1.70293694e+000	
3.47627806e-001	1.70353766e+000	
3.48017523e-001	1.70413922e+000	
3.48407240e-001	1.70474159e+000	
3.48796958e-001	1.70534479e+000	
3.49186675e-001	1.70594882e+000	
3.49576392e-001	1.70655366e+000	
3.49966109e-001	1.70715932e+000	
3.50355827e-001	1.70776581e+000	
3.50745544e-001	1.70857351e+000	
3.51135261e-001	1.70981032e+000	
3.51524978e-001	1.71104757e+000	
3.51914696e-001	1.71228527e+000	
3.52304413e-001	1.71352341e+000	
3.52694130e-001	1.71476199e+000	
3.53083848e-001	1.71600101e+000	
3.53473565e-001	1.71724047e+000	
3.53863282e-001	1.71848037e+000	
3.54252999e-001	1.71972071e+000	
3.54642717e-001	1.72096149e+000	
3.55032434e-001	1.72220270e+000	
3.55422151e-001	1.72341803e+000	
3.55811868e-001	1.72450145e+000	
3.56201586e-001	1.72558555e+000	
3.56591303e-001	1.72667031e+000	
3.56981020e-001	1.72775574e+000	
3.57370738e-001	1.72884183e+000	
3.57760455e-001	1.72992859e+000	
3.58150172e-001	1.73101601e+000	
3.58539889e-001	1.73210409e+000	
3.58929607e-001	1.73319284e+000	
3.59319324e-001	1.73428224e+000	
3.59709041e-001	1.73537230e+000	
3.60098758e-001	1.73646302e+000	
3.60488476e-001	1.73755439e+000	
3.60878193e-001	1.73864764e+000	
3.61267910e-001	1.73974315e+000	
3.61657627e-001	1.74083967e+000	
3.62047345e-001	1.74193721e+000	
3.62437062e-001	1.74303576e+000	
3.62826779e-001	1.74413533e+000	
3.63216497e-001	1.74523592e+000	
3.63606214e-001	1.74633751e+000	
3.63995931e-001	1.74744012e+000	
3.64385648e-001	1.74854373e+000	
3.64775366e-001	1.74964834e+000	
3.65165083e-001	1.75071734e+000	
3.65554800e-001	1.75160985e+000	
3.65944517e-001	1.75250331e+000	
3.66334235e-001	1.75339772e+000	
3.66723952e-001	1.75429308e+000	
3.67113669e-001	1.75518938e+000	
3.67503387e-001	1.75608171e+000	
3.67893104e-001	1.75697354e+000	
3.68282821e-001	1.75786633e+000	
3.68672538e-001	1.75876006e+000	
3.69062256e-001	1.75965473e+000	
3.69451973e-001	1.76055034e+000	
3.69841690e-001	1.76144690e+000	
3.70231407e-001	1.76234439e+000	
3.70621125e-001	1.76367657e+000	
3.71010842e-001	1.76504289e+000	
3.71400559e-001	1.76641122e+000	
3.71790277e-001	1.76778157e+000	
3.72179994e-001	1.76915393e+000	
3.72569711e-001	1.77052829e+000	
3.72959428e-001	1.77190466e+000	
3.73349146e-001	1.77328302e+000	
3.73738863e-001	1.77466337e+000	
3.74128580e-001	1.77604571e+000	
3.74518297e-001	1.77743003e+000	
3.74908015e-001	1.77881632e+000	
3.75297732e-001	1.78020459e+000	
3.75687449e-001	1.78159483e+000	
3.76077167e-001	1.78298703e+000	
3.76466884e-001	1.78438119e+000	
3.76856601e-001	1.78577731e+000	
3.77246318e-001	1.78717537e+000	
3.77636036e-001	1.78857538e+000	
3.78025753e-001	1.78997733e+000	
3.78415470e-001	1.79175925e+000	
3.78805187e-001	1.79357422e+000	
3.79194905e-001	1.79539009e+000	
3.79584622e-001	1.79720686e+000	
3.79974339e-001	1.79902453e+000	
3.80364056e-001	1.80084310e+000	
3.80753774e-001	1.80266257e+000	
3.81143491e-001	1.80448293e+000	
3.81533208e-001	1.80630418e+000	
3.81922926e-001	1.80812631e+000	
3.82312643e-001	1.80994933e+000	
3.82702360e-001	1.81177323e+000	
3.83092077e-001	1.81359801e+000	
3.83481795e-001	1.81542367e+000	
3.83871512e-001	1.81725020e+000	
3.84261229e-001	1.81906966e+000	
3.84650946e-001	1.82088954e+000	
3.85040664e-001	1.82271029e+000	
3.85430381e-001	1.82453192e+000	
3.85820098e-001	1.82635442e+000	
3.86209816e-001	1.82816242e+000	
3.86599533e-001	1.82978699e+000	
3.86989250e-001	1.83141480e+000	
3.87378967e-001	1.83304583e+000	
3.87768685e-001	1.83468008e+000	
3.88158402e-001	1.83631755e+000	
3.88548119e-001	1.83795821e+000	
3.88937836e-001	1.83960207e+000	
3.89327554e-001	1.84124911e+000	
3.89717271e-001	1.84289933e+000	
3.90106988e-001	1.84455271e+000	
3.90496706e-001	1.84620925e+000	
3.90886423e-001	1.84786895e+000	
3.91276140e-001	1.84953178e+000	
3.91665857e-001	1.85119775e+000	
3.92055575e-001	1.85286684e+000	
3.92445292e-001	1.85453905e+000	
3.92835009e-001	1.85621437e+000	
3.93224726e-001	1.85789278e+000	
3.93614444e-001	1.85957429e+000	
3.94004161e-001	1.86125888e+000	
3.94393878e-001	1.86294655e+000	
3.94783596e-001	1.86463728e+000	
3.95173313e-001	1.86633106e+000	
3.95563030e-001	1.86802790e+000	
3.95952747e-001	1.86972778e+000	
3.96342465e-001	1.87143069e+000	
3.96732182e-001	1.87313663e+000	
3.97121899e-001	1.87523393e+000	
3.97511616e-001	1.87760346e+000	
3.97901334e-001	1.87997526e+000	
3.98291051e-001	1.88234933e+000	
3.98680768e-001	1.88472565e+000	
3.99070485e-001	1.88710421e+000	
3.99460203e-001	1.88948501e+000	
3.99849920e-001	1.89186804e+000	
4.00239637e-001	1.89405237e+000	
4.00629355e-001	1.89614764e+000	
4.01019072e-001	1.89823721e+000	
4.01408789e-001	1.90033079e+000	
4.01798506e-001	1.90242838e+000	
4.02188224e-001	1.90452996e+000	
4.02577941e-001	1.90663551e+000	
4.02967658e-001	1.90874503e+000	
4.03357375e-001	1.91085850e+000	
4.03747093e-001	1.91297591e+000	
4.04136810e-001	1.91509724e+000	
4.04526527e-001	1.91722248e+000	
4.04916245e-001	1.91935162e+000	
4.05305962e-001	1.92148464e+000	
4.05695679e-001	1.92362154e+000	
4.06085396e-001	1.92576230e+000	
4.06475114e-001	1.92790690e+000	
4.06864831e-001	1.93005534e+000	
4.07254548e-001	1.93220759e+000	
4.07644265e-001	1.93436366e+000	
4.08033983e-001	1.93652352e+000	
4.08423700e-001	1.93868716e+000	
4.08813417e-001	1.94085458e+000	
4.09203135e-001	1.94302575e+000	
4.09592852e-001	1.94520066e+000	
4.09982569e-001	1.94737931e+000	
4.10372286e-001	1.94956168e+000	
4.10762004e-001	1.95174776e+000	
4.11151721e-001	1.95393753e+000	
4.11541438e-001	1.95613098e+000	
4.11931155e-001	1.95832810e+000	
4.12320873e-001	1.96052888e+000	
4.12710590e-001	1.96273331e+000	
4.13100307e-001	1.96494137e+000	
4.13490025e-001	1.96740796e+000	
4.13879742e-001	1.97109606e+000	
4.14269459e-001	1.97478732e+000	
4.14659176e-001	1.97848172e+000	
4.15048894e-001	1.98217923e+000	
4.15438611e-001	1.98533626e+000	
4.15828328e-001	1.98743366e+000	
4.16218045e-001	1.98954034e+000	
4.16607763e-001	1.99165626e+000	
4.16997480e-001	1.99378140e+000	
4.17387197e-001	1.99591103e+000	
4.17776915e-001	1.99803818e+000	
4.18166632e-001	2.00017452e+000	
4.18556349e-001	2.00232003e+000	
4.18946066e-001	2.00447467e+000	
4.19335784e-001	2.00663842e+000	
4.19725501e-001	2.00881124e+000	
4.20115218e-001	2.01099311e+000	
4.20504935e-001	2.01318400e+000	
4.20894653e-001	2.01538388e+000	
4.21284370e-001	2.01759271e+000	
4.21674087e-001	2.01981048e+000	
4.22063804e-001	2.02203984e+000	
4.22453522e-001	2.02434062e+000	
4.22843239e-001	2.02664837e+000	
4.23232956e-001	2.02896304e+000	
4.23622674e-001	2.03128462e+000	
4.24012391e-001	2.03361309e+000	
4.24402108e-001	2.03594841e+000	
4.24791825e-001	2.03829057e+000	
4.25181543e-001	2.04063955e+000	
4.25571260e-001	2.04299531e+000	
4.25960977e-001	2.04535784e+000	
4.26350694e-001	2.04772712e+000	
4.26740412e-001	2.05010311e+000	
4.27130129e-001	2.05248580e+000	
4.27519846e-001	2.05487516e+000	
4.27909564e-001	2.05727118e+000	
4.28299281e-001	2.05967381e+000	
4.28688998e-001	2.06208306e+000	
4.29078715e-001	2.06449888e+000	
4.29468433e-001	2.06692126e+000	
4.29858150e-001	2.06935017e+000	
4.30247867e-001	2.07178559e+000	
4.30637584e-001	2.07422751e+000	
4.31027302e-001	2.07634872e+000	
4.31417019e-001	2.07791740e+000	
4.31806736e-001	2.07949295e+000	
4.32196454e-001	2.08107535e+000	
4.32586171e-001	2.08266458e+000	
4.32975888e-001	2.08426063e+000	
4.33365605e-001	2.08586348e+000	
4.33755323e-001	2.08878407e+000	
4.34145040e-001	2.09185612e+000	
4.34534757e-001	2.09493239e+000	
4.34924474e-001	2.09802271e+000	
4.35314192e-001	2.10112701e+000	
4.35703909e-001	2.10424523e+000	
4.36093626e-001	2.10809194e+000	
4.36483344e-001	2.11212037e+000	
4.36873061e-001	2.11616426e+000	
4.37262778e-001	2.12022351e+000	
4.37652495e-001	2.12429804e+000	
4.38042213e-001	2.12838776e+000	
4.38431930e-001	2.13249259e+000	
4.38821647e-001	2.13661242e+000	
4.39211364e-001	2.14074719e+000	
4.39601082e-001	2.14489679e+000	
4.39990799e-001	2.14906116e+000	
4.40380516e-001	2.15324019e+000	
4.40770233e-001	2.15743381e+000	
4.41159951e-001	2.16164193e+000	
4.41549668e-001	2.16586446e+000	
4.41939385e-001	2.17010133e+000	
4.42329103e-001	2.17435244e+000	
4.42718820e-001	2.17861772e+000	
4.43108537e-001	2.18289708e+000	
4.43498254e-001	2.18719043e+000	
4.43887972e-001	2.19149771e+000	
4.44277689e-001	2.19581882e+000	
4.44667406e-001	2.20015368e+000	
4.45057123e-001	2.20450221e+000	
4.45446841e-001	2.20886434e+000	
4.45836558e-001	2.21323997e+000	
4.46226275e-001	2.21762904e+000	
4.46615993e-001	2.22203145e+000	
4.47005710e-001	2.22644714e+000	
4.47395427e-001	2.23087603e+000	
4.47785144e-001	2.23531802e+000	
4.48174862e-001	2.23977306e+000	
4.48564579e-001	2.24424105e+000	
4.48954296e-001	2.24872192e+000	
4.49344013e-001	2.25321560e+000	
4.49733731e-001	2.25772201e+000	
4.50123448e-001	2.26224107e+000	
4.50513165e-001	2.26677271e+000	
4.50902883e-001	2.27130343e+000	
4.51292600e-001	2.27583875e+000	
4.51682317e-001	2.28038647e+000	
4.52072034e-001	2.28494650e+000	
4.52461752e-001	2.28951878e+000	
4.52851469e-001	2.29410323e+000	
4.53241186e-001	2.29869978e+000	
4.53630903e-001	2.30057266e+000	
4.54020621e-001	2.30228579e+000	
4.54410338e-001	2.30401509e+000	
4.54800055e-001	2.30576051e+000	
4.55189773e-001	2.30729942e+000	
4.55579490e-001	2.30864953e+000	
4.55969207e-001	2.31002479e+000	
4.56358924e-001	2.31142514e+000	
4.56748642e-001	2.31285055e+000	
4.57138359e-001	2.31430097e+000	
4.57528076e-001	2.31605929e+000	
4.57917793e-001	2.31788281e+000	
4.58307511e-001	2.31974953e+000	
4.58697228e-001	2.32165935e+000	
4.59086945e-001	2.32361215e+000	
4.59476663e-001	2.32560784e+000	
4.59866380e-001	2.32764630e+000	
4.60256097e-001	2.32972742e+000	
4.60645814e-001	2.33185109e+000	
4.61035532e-001	2.33401718e+000	
4.61425249e-001	2.33622559e+000	
4.61814966e-001	2.33847619e+000	
4.62204683e-001	2.34076885e+000	
4.62594401e-001	2.34310347e+000	
4.62984118e-001	2.34547990e+000	
4.63373835e-001	2.34789803e+000	
4.63763552e-001	2.35035773e+000	
4.64153270e-001	2.35285886e+000	
4.64542987e-001	2.35540129e+000	
4.64932704e-001	2.35798490e+000	
4.65322422e-001	2.36060953e+000	
4.65712139e-001	2.36327507e+000	
4.66101856e-001	2.36598136e+000	
4.66491573e-001	2.36872828e+000	
4.66881291e-001	2.37151567e+000	
4.67271008e-001	2.37434340e+000	
4.67660725e-001	2.37718494e+000	
4.68050442e-001	2.38006002e+000	
4.68440160e-001	2.38297505e+000	
4.68829877e-001	2.38592989e+000	
4.69219594e-001	2.38892439e+000	
4.69609312e-001	2.39195840e+000	
4.69999029e-001	2.39503177e+000	
4.70388746e-001	2.39814435e+000	
4.70778463e-001	2.40129599e+000	
4.71168181e-001	2.40448653e+000	
4.71557898e-001	2.40771581e+000	
4.71947615e-001	2.41098369e+000	
4.72337332e-001	2.41375939e+000	
4.72727050e-001	2.41497667e+000	
4.73116767e-001	2.41622786e+000	
4.73506484e-001	2.41663323e+000	
4.73896202e-001	2.41704594e+000	
4.74285919e-001	2.41750299e+000	
4.74675636e-001	2.41800436e+000	
4.75065353e-001	2.41855003e+000	
4.75455071e-001	2.41913995e+000	
4.75844788e-001	2.41977410e+000	
4.76234505e-001	2.42045245e+000	
4.76624222e-001	2.42117495e+000	
4.77013940e-001	2.42194157e+000	
4.77403657e-001	2.42275227e+000	
4.77793374e-001	2.42360700e+000	
4.78183092e-001	2.42450572e+000	
4.78572809e-001	2.42544837e+000	
4.78962526e-001	2.42643490e+000	
4.79352243e-001	2.42746527e+000	
4.79741961e-001	2.42853941e+000	
4.80131678e-001	2.42965727e+000	
4.80521395e-001	2.43081879e+000	
4.80911112e-001	2.43202390e+000	
4.81300830e-001	2.43334556e+000	
4.81690547e-001	2.43533546e+000	
4.82080264e-001	2.43736509e+000	
4.82469981e-001	2.43943432e+000	
4.82859699e-001	2.44154307e+000	
4.83249416e-001	2.44369124e+000	
4.83639133e-001	2.44587871e+000	
4.84028851e-001	2.44810538e+000	
4.84418568e-001	2.45030879e+000	
4.84808285e-001	2.45254959e+000	
4.85198002e-001	2.45482949e+000	
4.85587720e-001	2.45714839e+000	
4.85977437e-001	2.45950616e+000	
4.86367154e-001	2.46285562e+000	
4.86756871e-001	2.45996681e+000	
4.87146589e-001	2.45542474e+000	
4.87536306e-001	2.45094592e+000	
4.87926023e-001	2.44695326e+000	
4.88315741e-001	2.44507456e+000	
4.88705458e-001	2.44323958e+000	
4.89095175e-001	2.44144841e+000	
4.89484892e-001	2.43970117e+000	
4.89874610e-001	2.43799793e+000	
4.90264327e-001	2.43633880e+000	
4.90654044e-001	2.43472386e+000	
4.91043761e-001	2.43315319e+000	
4.91433479e-001	2.43162690e+000	
4.91823196e-001	2.43014505e+000	
4.92212913e-001	2.42870774e+000	
4.92602631e-001	2.42731503e+000	
4.92992348e-001	2.42596701e+000	
4.93382065e-001	2.42466376e+000	
4.93771782e-001	2.42340533e+000	
4.94161500e-001	2.42219182e+000	
4.94551217e-001	2.42102327e+000	
4.94940934e-001	2.41989976e+000	
4.95330651e-001	2.41882134e+000	
4.95720369e-001	2.41778809e+000	
4.96110086e-001	2.41680005e+000	
4.96499803e-001	2.41585729e+000	
4.96889521e-001	2.41495985e+000	
4.97279238e-001	2.41410779e+000	
4.97668955e-001	2.41330115e+000	
4.98058672e-001	2.41253999e+000	
4.98448390e-001	2.41182433e+000	
4.98838107e-001	2.41115423e+000	
4.99227824e-001	2.41052973e+000	
4.99617541e-001	2.40995084e+000	
5.00007259e-001	2.40941762e+000	
5.00396976e-001	2.40893009e+000	
5.00786693e-001	2.40848211e+000	
5.01176410e-001	2.40804274e+000	
5.01566128e-001	2.40764903e+000	
5.01955845e-001	2.40730101e+000	
5.02345562e-001	2.40699869e+000	
5.02735280e-001	2.40674208e+000	
5.03124997e-001	2.40653122e+000	
5.03514714e-001	2.40636610e+000	
5.03904431e-001	2.40624674e+000	
5.04294149e-001	2.40515470e+000	
5.04683866e-001	2.40223218e+000	
5.05073583e-001	2.39934175e+000	
5.05463300e-001	2.39648354e+000	
5.05853018e-001	2.39365766e+000	
5.06242735e-001	2.39086422e+000	
5.06632452e-001	2.38810334e+000	
5.07022170e-001	2.38537513e+000	
5.07411887e-001	2.38267970e+000	
5.07801604e-001	2.38001716e+000	
5.08191321e-001	2.37738763e+000	
5.08581039e-001	2.37479122e+000	
5.08970756e-001	2.37222802e+000	
5.09360473e-001	2.36969816e+000	
5.09750190e-001	2.36720174e+000	
5.10139908e-001	2.36148831e+000	
5.10529625e-001	2.35519349e+000	
5.10919342e-001	2.34896029e+000	
5.11309060e-001	2.34278922e+000	
5.11698777e-001	2.33668074e+000	
5.12088494e-001	2.33063538e+000	
5.12478211e-001	2.32465360e+000	
5.12867929e-001	2.31873591e+000	
5.13257646e-001	2.31288280e+000	
5.13647363e-001	2.30709476e+000	
5.14037080e-001	2.30137228e+000	
5.14426798e-001	2.29571585e+000	
5.14816515e-001	2.29012597e+000	
5.15206232e-001	2.28460311e+000	
5.15595950e-001	2.27914776e+000	
5.15985667e-001	2.27376042e+000	
5.16375384e-001	2.26844156e+000	
5.16765101e-001	2.26319168e+000	
5.17154819e-001	2.25801124e+000	
5.17544536e-001	2.25288923e+000	
5.17934253e-001	2.24781223e+000	
5.18323970e-001	2.24264998e+000	
5.18713688e-001	2.23717373e+000	
5.19103405e-001	2.23171470e+000	
5.19493122e-001	2.22627300e+000	
5.19882840e-001	2.22084876e+000	
5.20272557e-001	2.21544211e+000	
5.20662274e-001	2.21005319e+000	
5.21051991e-001	2.20468211e+000	
5.21441709e-001	2.19932902e+000	
5.21831426e-001	2.19399404e+000	
5.22221143e-001	2.18867731e+000	
5.22610860e-001	2.18337895e+000	
5.23000578e-001	2.17809911e+000	
5.23390295e-001	2.17283792e+000	
5.23780012e-001	2.16759551e+000	
5.24169729e-001	2.16237202e+000	
5.24559447e-001	2.15716758e+000	
5.24949164e-001	2.15198235e+000	
5.25338881e-001	2.14681645e+000	
5.25728599e-001	2.14167002e+000	
5.26118316e-001	2.13654321e+000	
5.26508033e-001	2.13286705e+000	
5.26897750e-001	2.13020564e+000	
5.27287468e-001	2.12756172e+000	
5.27677185e-001	2.12493536e+000	
5.28066902e-001	2.12232663e+000	
5.28456619e-001	2.11973558e+000	
5.28846337e-001	2.11716229e+000	
5.29236054e-001	2.11460682e+000	
5.29625771e-001	2.11206923e+000	
5.30015489e-001	2.10954958e+000	
5.30405206e-001	2.10704795e+000	
5.30794923e-001	2.10440180e+000	
5.31184640e-001	2.09937441e+000	
5.31574358e-001	2.09436196e+000	
5.31964075e-001	2.08936455e+000	
5.32353792e-001	2.08438230e+000	
5.32743509e-001	2.07941531e+000	
5.33133227e-001	2.07446369e+000	
5.33522944e-001	2.06952755e+000	
5.33912661e-001	2.06460701e+000	
5.34302379e-001	2.05968928e+000	
5.34692096e-001	2.05477352e+000	
5.35081813e-001	2.04987354e+000	
5.35471530e-001	2.04498948e+000	
5.35861248e-001	2.04012145e+000	
5.36250965e-001	2.03526955e+000	
5.36640682e-001	2.03043392e+000	
5.37030399e-001	2.02543420e+000	
5.37420117e-001	2.01989464e+000	
5.37809834e-001	2.01438124e+000	
5.38199551e-001	2.00889422e+000	
5.38589269e-001	2.00343378e+000	
5.38978986e-001	1.99800015e+000	
5.39368703e-001	1.99259355e+000	
5.39758420e-001	1.98721420e+000	
5.40148138e-001	1.98186231e+000	
5.40537855e-001	1.97652169e+000	
5.40927572e-001	1.96524381e+000	
5.41317289e-001	1.95400929e+000	
5.41707007e-001	1.94281887e+000	
5.42096724e-001	1.93167332e+000	
5.42486441e-001	1.92057341e+000	
5.42876158e-001	1.91175723e+000	
5.43265876e-001	1.90560948e+000	
5.43655593e-001	1.89946268e+000	
5.44045310e-001	1.89331684e+000	
5.44435028e-001	1.88717196e+000	
5.44824745e-001	1.88102807e+000	
5.45214462e-001	1.87488516e+000	
5.45604179e-001	1.86874324e+000	
5.45993897e-001	1.86260234e+000	
5.46383614e-001	1.85646245e+000	
5.46773331e-001	1.85032359e+000	
5.47163048e-001	1.84418576e+000	
5.47552766e-001	1.83804898e+000	
5.47942483e-001	1.83217134e+000	
5.48332200e-001	1.82642846e+000	
5.48721918e-001	1.82068945e+000	
5.49111635e-001	1.81495436e+000	
5.49501352e-001	1.80922321e+000	
5.49891069e-001	1.80349605e+000	
5.50280787e-001	1.79777290e+000	
5.50670504e-001	1.79205382e+000	
5.51060221e-001	1.78633987e+000	
5.51449938e-001	1.78063044e+000	
5.51839656e-001	1.77492515e+000	
5.52229373e-001	1.76922402e+000	
5.52619090e-001	1.76598825e+000	
5.53008808e-001	1.76317911e+000	
5.53398525e-001	1.75921528e+000	
5.53788242e-001	1.75490848e+000	
5.54177959e-001	1.75211060e+000	
5.54567677e-001	1.74955964e+000	
5.54957394e-001	1.74725669e+000	
5.55347111e-001	1.74520272e+000	
5.55736828e-001	1.74339862e+000	
5.56126546e-001	1.74184517e+000	
5.56516263e-001	1.74054302e+000	
5.56905980e-001	1.73949276e+000	
5.57295698e-001	1.73869483e+000	
5.57685415e-001	1.73814959e+000	
5.58075132e-001	1.73785726e+000	
5.58464849e-001	1.73781799e+000	
5.58854567e-001	1.73803178e+000	
5.59244284e-001	1.73849854e+000	
5.59634001e-001	1.73921806e+000	
5.60023718e-001	1.74019005e+000	
5.60413436e-001	1.74141406e+000	
5.60803153e-001	1.74288958e+000	
5.61192870e-001	1.74461596e+000	
5.61582588e-001	1.74659246e+000	
5.61972305e-001	1.74881823e+000	
5.62362022e-001	1.74902011e+000	
5.62751739e-001	1.74868646e+000	
5.63141457e-001	1.74838643e+000	
5.63531174e-001	1.74812002e+000	
5.63920891e-001	1.74788726e+000	
5.64310608e-001	1.74768817e+000	
5.64700326e-001	1.74752274e+000	
5.65090043e-001	1.74739100e+000	
5.65479760e-001	1.74729294e+000	
5.65869477e-001	1.74722858e+000	
5.66259195e-001	1.74719792e+000	
5.66648912e-001	1.74720095e+000	
5.67038629e-001	1.74723769e+000	
5.67428347e-001	1.74730813e+000	
5.67818064e-001	1.74740124e+000	
5.68207781e-001	1.74752544e+000	
5.68597498e-001	1.74768296e+000	
5.68987216e-001	1.74787379e+000	
5.69376933e-001	1.74809793e+000	
5.69766650e-001	1.74835536e+000	
5.70156367e-001	1.74864606e+000	
5.70546085e-001	1.74755960e+000	
5.70935802e-001	1.72838950e+000	
5.71325519e-001	1.70925122e+000	
5.71715237e-001	1.69014586e+000	
5.72104954e-001	1.67107453e+000	
5.72494671e-001	1.65203842e+000	
5.72884388e-001	1.63303876e+000	
5.73274106e-001	1.61407684e+000	
5.73663823e-001	1.59515400e+000	
5.74053540e-001	1.57627165e+000	
5.74443257e-001	1.55743127e+000	
5.74832975e-001	1.53863438e+000	
5.75222692e-001	1.51988262e+000	
5.75612409e-001	1.50117767e+000	
5.76002127e-001	1.48252129e+000	
5.76391844e-001	1.46391536e+000	
5.76781561e-001	1.44536181e+000	
5.77171278e-001	1.42686269e+000	
5.77560996e-001	1.40842014e+000	
5.77950713e-001	1.39003643e+000	
5.78340430e-001	1.37171390e+000	
5.78730147e-001	1.35345505e+000	
5.79119865e-001	1.33526249e+000	
5.79509582e-001	1.31713896e+000	
5.79899299e-001	1.29908736e+000	
5.80289017e-001	1.28111072e+000	
5.80678734e-001	1.26321225e+000	
5.81068451e-001	1.24539532e+000	
5.81458168e-001	1.22766347e+000	
5.81847886e-001	1.21002045e+000	
5.82237603e-001	1.19247020e+000	
5.82627320e-001	1.17501687e+000	
5.83017037e-001	1.15766486e+000	
5.83406755e-001	1.14041878e+000	
5.83796472e-001	1.12328351e+000	
5.84186189e-001	0.00000000e+000	
